{"val_loss": [1.4528749870300293, 1.10700282497406, 0.8980199710845947, 0.9443198978424072, 0.7614404906272888, 0.7438944145202637, 0.6694302722930908, 0.6503069261550903, 0.6534568534851074, 0.5923139178276062, 0.5789406544685364, 0.6100393610000611, 0.6101235778808594, 0.5698792098045349, 0.5684107945442199, 0.5770657910346985, 0.5716023717880249, 0.5814188083648681, 0.5426438395500183, 0.6168508013725281, 0.5436946599006652, 0.6132118007659912, 0.5534060941696167, 0.5722780556201935, 0.5839547627925873, 0.5667829074859619, 0.6112507655143737, 0.5784285022735596, 0.6492778450965881, 0.6215080515861511, 0.5657557354927063, 0.5729965605735778, 0.6205539914131164, 0.685444676399231, 0.6029857252359391, 0.5993165435791016, 0.6141470417976379, 0.6099448060035706, 0.6242641414165497, 0.5891123649120331, 0.6096395630836486, 0.6577896260261535, 0.610438197183609, 0.5965334235191345, 0.6088221366882324, 0.6302217334747314, 0.6259567870140076, 0.5900301456928253, 0.6053828822135925, 0.6332068469047546, 0.6106443006515503, 0.6298328095436097, 0.665838268661499, 0.6340037948608398, 0.6022022752285003, 0.6021636795520783, 0.6182677553653717, 0.624904903793335, 0.639672186088562, 0.6310921533584595, 0.6154568466186523, 0.6302211385250092, 0.6283986475944519, 0.6649077651023865, 0.6276632875442505, 0.6398725962638855, 0.6352931136131287, 0.6486627464294433, 0.6699473771572113, 0.7018163174629212, 0.6347767442703247, 0.6437051986694335, 0.756852322435379, 0.6798484475135803, 0.6509956483364105, 0.6502106513977051, 0.6499623525619507, 0.6476916103363037, 0.6430542989730835, 0.6560872685432434, 0.6716347792625427, 0.6301022864818573, 0.6632346683502197, 0.6511736262321473, 0.6559087338447571, 0.6735244424819946, 0.6635874203681946, 0.6536938594818116, 0.6482339605331421, 0.6748896492958069, 0.6835240962982178, 0.6750454133033752, 0.6559701083183288, 0.6700409236907959, 0.6731475029945374, 0.6701554590225219, 0.679701823425293, 0.6597301280021668, 0.6746874340057373, 0.6712533014297485], "val_acc": [0.5036, 0.619, 0.6862, 0.6724, 0.737, 0.7407, 0.7698, 0.7768, 0.7742, 0.7951, 0.7985, 0.7903, 0.797, 0.8081, 0.8133, 0.8084, 0.8123, 0.8098, 0.8263, 0.8115, 0.8288, 0.8115, 0.8246, 0.8237, 0.8188, 0.8267, 0.8165, 0.8264, 0.8104, 0.8157, 0.8298, 0.826, 0.8222, 0.8074, 0.8301, 0.8245, 0.8298, 0.829, 0.8274, 0.83, 0.8259, 0.822, 0.8337, 0.8337, 0.833, 0.8308, 0.8289, 0.8331, 0.8309, 0.8334, 0.8358, 0.8337, 0.8254, 0.8382, 0.8406, 0.8388, 0.8355, 0.8354, 0.8326, 0.8373, 0.8305, 0.8384, 0.8361, 0.8328, 0.8401, 0.8342, 0.8399, 0.8297, 0.8371, 0.8271, 0.8325, 0.8348, 0.8098, 0.8329, 0.8372, 0.8344, 0.8393, 0.8373, 0.839, 0.834, 0.8361, 0.836, 0.838, 0.8352, 0.8334, 0.8373, 0.8324, 0.8403, 0.8354, 0.8368, 0.8352, 0.832, 0.8379, 0.8371, 0.8357, 0.8342, 0.8395, 0.8372, 0.8344, 0.8378], "loss": [1.6861716371154785, 1.2423623951530456, 1.0135847244262695, 0.8863633724212646, 0.7977648458862304, 0.7281564823913574, 0.6809939816474915, 0.6302176891326904, 0.5894504039001465, 0.556990875530243, 0.516672373380661, 0.49009558677673337, 0.47120607217788696, 0.43411718764305113, 0.40969741967201234, 0.390747945766449, 0.37232684379577635, 0.3512645614910126, 0.33878304692268374, 0.3148551160144806, 0.3145802938175201, 0.2894086968421936, 0.27913562782764434, 0.2662557106781006, 0.25591894181251523, 0.24980977472782134, 0.24153037572860717, 0.2335987080001831, 0.22949173799514772, 0.21611147579193116, 0.21103651905059814, 0.20261026731491089, 0.19493639444112779, 0.19274374534130095, 0.19454009685516357, 0.18520186638116837, 0.17784824391007423, 0.17506258557796478, 0.17342257717132567, 0.16261681682109833, 0.15721157275676728, 0.1630841968870163, 0.15365066228151322, 0.15395933732271194, 0.141494356675148, 0.14578009281158447, 0.1437930848479271, 0.1412125574874878, 0.13798882228255271, 0.13497926213502884, 0.13160388463377953, 0.129426776804924, 0.12920194262236356, 0.12581901107788085, 0.11964817812263966, 0.12402278002500534, 0.12578255392074586, 0.11452421687483788, 0.12165658464074135, 0.11782419070720673, 0.11194104052603245, 0.111485422976017, 0.10743336618185044, 0.10818108592867852, 0.11336516674876213, 0.10221662730693817, 0.10922390795469283, 0.10674267998218537, 0.10089066382884979, 0.10487773560285568, 0.09809596934914588, 0.09745175874352455, 0.09257606026828288, 0.11101613242089749, 0.09758674517780543, 0.09791381178379059, 0.09272862746953964, 0.09272935111999511, 0.09315407198607921, 0.08807649565219879, 0.08858860761731863, 0.08683538296341896, 0.08527930887579918, 0.0868162777453661, 0.0866006283390522, 0.08485576736927032, 0.084636879170537, 0.08109762834191322, 0.07951007743477821, 0.07726813169956208, 0.07816712114930154, 0.08267623824000359, 0.0792812068283558, 0.08207835223197937, 0.08391170375734568, 0.07976527089886368, 0.07738127380609512, 0.07516408837944269, 0.07504109821915626, 0.07271494063608348], "acc": [0.43618, 0.5713, 0.649, 0.69528, 0.7217, 0.74598, 0.76274, 0.77978, 0.79302, 0.804, 0.81656, 0.82704, 0.83328, 0.84628, 0.85358, 0.86042, 0.86676, 0.87352, 0.87844, 0.88584, 0.88802, 0.89762, 0.90006, 0.90326, 0.90794, 0.91098, 0.91358, 0.91702, 0.91822, 0.92302, 0.92504, 0.9283, 0.9315, 0.9315, 0.93068, 0.9341, 0.93636, 0.9374, 0.93946, 0.94158, 0.94422, 0.94288, 0.94484, 0.94558, 0.95012, 0.9488, 0.94978, 0.95044, 0.9514, 0.95176, 0.95414, 0.95394, 0.95432, 0.95654, 0.95734, 0.95644, 0.95606, 0.95992, 0.95794, 0.95878, 0.96066, 0.96036, 0.96218, 0.96172, 0.96052, 0.96308, 0.96094, 0.96236, 0.9644, 0.96396, 0.96572, 0.96602, 0.96696, 0.96044, 0.96568, 0.96554, 0.96668, 0.96802, 0.96732, 0.96926, 0.96848, 0.9695, 0.96958, 0.9699, 0.97018, 0.9706, 0.96996, 0.97146, 0.97198, 0.97238, 0.97164, 0.97118, 0.9722, 0.97084, 0.971, 0.97178, 0.97308, 0.97336, 0.97424, 0.97436]}